625,Altramuz,false
625,Altramuz,false
625,Altramuz,false
625,Altramuz,false
625,Altramuz,false
625,Altramuz,false
625,Altramuz,false
625,Altramuz,false
625,Altramuz,false
625,Altramuz,false
625,Altramuz,false
625,Altramuz,false
625,Altramuz,false
625,Altramuz,false
625,Altramuz,false
625,Altramuz,false
625,Altramuz,false
625,Altramuz,false
625,Altramuz,false
625,Altramuz,false
625,Altramuz,false
625,Altramuz,false
625,Altramuz,false
625,Altramuz,false
625,Altramuz,false
625,Altramuz,false
625,Altramuz,false
625,Altramuz,false
625,Altramuz,false
625,Altramuz,false
625,Altramuz,false
625,Altramuz,false
625,Altramuz,false
625,Altramuz,false
625,Altramuz,false
625,Altramuz,false
625,Altramuz,false
625,Altramuz,false
625,Altramuz,false
625,Altramuz,false
625,Altramuz,false
625,Altramuz,false
625,Altramuz,false
625,Altramuz,false
625,Altramuz,false
625,Altramuz,false
625,Altramuz,false
625,Altramuz,false
625,Altramuz,false
625,Altramuz,false
625,Altramuz,false
625,Altramuz,false
625,Altramuz,false
625,Altramuz,false
625,Altramuz,false
625,Altramuz,false
625,Altramuz,false
625,Altramuz,false
625,Altramuz,false
625,Altramuz,false
625,Altramuz,false
625,Altramuz,false
625,Altramuz,false
625,Altramuz,false
625,Altramuz,false
625,Altramuz,false
625,Altramuz,false
625,Altramuz,false
625,Altramuz,false
625,Altramuz,false
626,Altramuz,false
626,Altramuz,false
626,Altramuz,false
626,Altramuz,false
626,Altramuz,false
626,Altramuz,false
626,Altramuz,false
626,Altramuz,false
626,Altramuz,false
626,Altramuz,false
626,Altramuz,false
626,Altramuz,false
626,Altramuz,false
626,Altramuz,false
627,Gluten,true
627,Crustáceos,true
627,Huevo,false
627,Pescado,false
627,Cacahuetes,false
627,Lacteos,true
627,Apio,false
627,Mostaza,false
627,Sulfitos,false
627,Sésamo,false
627,Moluscos,false
627,Soja,false
627,Frtos secos,false
627,Altramuz,false
